Zona,Radiacion_Media_Diaria_kWh_m2,Radiacion_Total_Anual_kWh_m2,Temperatura_Media_C,Dias_Optimos_Sol,Potencial_Panel_100m2_kWh_año
Centro,4.671672468527641,1707.02912,14.265878489326765,795,25605.436799999996
Norte,4.671672468527641,1707.02912,14.265878489326765,795,25605.436799999996
Sur,4.671672468527641,1707.02912,14.265878489326765,795,25605.436799999996
Este,4.671672468527641,1707.02912,14.265878489326765,795,25605.436799999996
Oeste,4.671672468527641,1707.02912,14.265878489326765,795,25605.436799999996
